salary_from,salary_to,tds
0,25000,0
25001,25100,10
25101,25200,20
25201,25300,30
25301,25400,40
25401,25500,50
25501,25600,60
25601,25700,70
25701,25800,80
25801,25900,90
25901,26000,100
26001,26100,110
26101,26200,120
26201,26300,130
26301,26400,140
26401,26500,150
26501,26600,160
26601,26700,170
26701,26800,180
26801,26900,190
26901,27000,200
27001,27100,210
27101,27200,220
27201,27300,230
27301,27400,240
27401,27500,250
27501,27600,260
27601,27700,270
27701,27800,280
27801,27900,290
27901,28000,300
28001,28100,310
28101,28200,320
28201,28300,330
28301,28400,340
28401,28500,350
28501,28600,360
28601,28700,370
28701,28800,380
28801,28900,390
28901,29000,400
29001,29100,410
29101,29200,420
29201,29300,430
29301,29400,440
29401,29500,450
29501,29600,460
29601,29700,470
29701,29800,480
29801,29900,490
29901,30000,500
30001,30100,510
30101,30200,520
35501,35600,1173
35601,35700,1188
35701,35800,1203
35801,35900,1218
35901,36000,1233
36001,36100,1248
36101,36200,1263
36201,36300,1278
36301,36400,1293
36401,36500,1308
36501,36600,1323
36601,36700,1338
36701,36800,1353
36801,36900,1368
36901,37000,1383
37001,37100,1398
37101,37200,1413
37201,37300,1428
37301,37400,1443
37401,37500,1458
37501,37600,1473
37601,37700,1488
37701,37800,1503
37801,37900,1518
37901,38000,1533
38001,38100,1548
38101,38200,1563
38201,38300,1578
38301,38400,1593
38401,38500,1608
38501,38600,1623
38601,38700,1638
38701,38800,1653
38801,38900,1668
38901,39000,1683
39001,39100,1698
39101,39200,1713
39201,39300,1728
39301,39400,1743
39401,39500,1758
39501,39600,1773
39601,39700,1788
39701,39800,1803
39801,39900,1818
39901,40000,1833
40001,40100,1848
40101,40200,1863
40201,40300,1878
40301,40400,1893
40401,40500,1908
40501,40600,1923
40601,40700,1938
40701,40800,1953
40801,40900,1968
40901,41000,1983
41001,41100,1998
41101,41200,2013
41201,41300,2028
41301,41400,2043
41401,41500,2058
41501,41600,2073
41601,41700,2088
41701,41800,2103
41801,41900,2118
41901,42000,2133
42001,42100,2148
42101,42200,2163
42201,42300,2178
42301,42400,2193
42401,42500,2208
42501,42600,2223
42601,42700,2238
42701,42800,2253
42801,42900,2268
42901,43000,2283
43001,43100,2298
43101,43200,2313
43201,43300,2328
43301,43400,2343
43401,43500,2358
43501,43600,2373
43601,43700,2388
43701,43800,2403
43801,43900,2418
43901,44000,2433
44001,44100,2448
44101,44200,2463
44201,44300,2478
44301,44400,2493
44401,44500,2508
44501,44600,2523
44601,44700,2538
44701,44800,2553
44801,44900,2568
44901,45000,2583
45001,45100,2598
45101,45200,2613
45201,45300,2628
45301,45400,2643
45401,45500,2658
45501,45600,2673
45601,45700,2688
45701,45800,2703
45801,45900,2718
45901,46000,2733
46001,46100,2748
46101,46200,2763
46201,46300,2778
46301,46400,2793
46401,46500,2808
46501,46600,2823
46601,46700,2838
46701,46800,2853
46801,46900,2868
46901,47000,2883
47001,47100,2898
47101,47200,2913
47201,47300,2928
47301,47400,2943
47401,47500,2958
47501,47600,2973
47601,47700,2988
47701,47800,3003
47801,47900,3018
47901,48000,3033
48001,48100,3048
48101,48200,3063
48201,48300,3078
48301,48400,3093
48401,48500,3108
48501,48600,3123
48601,48700,3138
48701,48800,3153
48801,48900,3168
48901,49000,3183
49001,49100,3198
49101,49200,3213
49201,49300,3228
49301,49400,3243
49401,49500,3258
49501,49600,3273
49601,49700,3288
49701,49800,3303
49801,49900,3318
49901,50000,3333
50001,50100,3348
50101,50200,3363
50201,50300,3378
50301,50400,3393
50401,50500,3408
50501,50600,3423
50601,50700,3438
50701,50800,3453
50801,50900,3468
50901,51000,3483
51001,51100,3498
51101,51200,3513
51201,51300,3528
51301,51400,3543
51401,51500,3558
51501,51600,3573
51601,51700,3588
51701,51800,3603
51801,51900,3618
51901,52000,3633
52001,52100,3648
52101,52200,3663
52201,52300,3678
52301,52400,3693
52401,52500,3708
52501,52600,3723
52601,52700,3738
52701,52800,3753
52801,52900,3768
52901,53000,3783
53001,53100,3798
53101,53200,3813
53201,53300,3828
53301,53400,3843
53401,53500,3858
53501,53600,3873
53601,53700,3888
53701,53800,3903
53801,53900,3918
53901,54000,3933
54001,54100,3948
54101,54200,3965
54201,54300,3985
54301,54400,4005
54401,54500,4025
54501,54600,4045
54601,54700,4065
54701,54800,4085
54801,54900,4105
54901,55000,4125
55001,55100,4145
55101,55200,4165
55201,55300,4185
55301,55400,4205
55401,55500,4225
55501,55600,4245
55601,55700,4265
55701,55800,4285
55801,55900,4305
55901,56000,4325
56001,56100,4345
56101,56200,4365
56201,56300,4385
56301,56400,4405
56401,56500,4425
56501,56600,4445
56601,56700,4465
56701,56800,4485
56801,56900,4505
56901,57000,4525
57001,57100,4545
57101,57200,4565
57201,57300,4585
57301,57400,4605
57401,57500,4625
57501,57600,4645
57601,57700,4665
57701,57800,4685
57801,57900,4705
57901,58000,4725
58001,58100,4745
58101,58200,4765
58201,58300,4785
58301,58400,4805
58401,58500,4825
58501,58600,4845
58601,58700,4865
58701,58800,4885
58801,58900,4905
58901,59000,4925
59001,59100,4945
59101,59200,4965
59201,59300,4985
59301,59400,5005
59401,59500,5025
59501,59600,5045
59601,59700,5065
59701,59800,5085
59801,59900,5105
59901,60000,5125
60001,60100,5145
60101,60200,5165
60201,60300,5185
60301,60400,5205
60401,60500,5225
60501,60600,5245
60601,60700,5265
60701,60800,5285
60801,60900,5305
60901,61000,5325
61001,61100,5345
61101,61200,5365
61201,61300,5385
61301,61400,5405
61401,61500,5425
61501,61600,5445
61601,61700,5465
61701,61800,5485
61801,61900,5505
61901,62000,5525
62001,62100,5545
62101,62200,5565
62201,62300,5585
62301,62400,5605
62401,62500,5625
62501,62600,5645
62601,62700,5665
62701,62800,5685
62801,62900,5705
62901,63000,5725
63001,63100,5745
63101,63200,5765
63201,63300,5785
63301,63400,5805
63401,63500,5825
63501,63600,5845
63601,63700,5865
63701,63800,5885
63801,63900,5905
63901,64000,5925
64001,64100,5945
64101,64200,5965
64201,64300,5985
64301,64400,6005
64401,64500,6025
64501,64600,6045
64601,64700,6065
64701,64800,6085
64801,64900,6105
64901,65000,6125
65001,65100,6145
65101,65200,6165
65201,65300,6185
65301,65400,6205
65401,65500,6225
65501,65600,6245
65601,65700,6265
65701,65800,6285
65801,65900,6305
65901,66000,6325
66001,66100,6345
66101,66200,6365
66201,66300,6385
66301,66400,6405
66401,66500,6425
66501,66600,6445
66601,66700,6465
66701,66800,6485
66801,66900,6505
66901,67000,6525
67001,67100,6545
67101,67200,6565
67201,67300,6585
67301,67400,6605
67401,67500,6625
67501,67600,6645
67601,67700,6665
67701,67800,6685
67801,67900,6705
67901,68000,6725
68001,68100,6745
68101,68200,6765
68201,68300,6785
68301,68400,6805
68401,68500,6825
68501,68600,6845
68601,68700,6865
68701,68800,6885
68801,68900,6905
68901,69000,6925
69001,69100,6945
69101,69200,6965
69201,69300,6985
69301,69400,7005
69401,69500,7025
69501,69600,7045
69601,69700,7065
69701,69800,7085
69801,69900,7105
69901,70000,7125
70001,70100,7145
70101,70200,7165
70201,70300,7185
70301,70400,7205
70401,70500,7225
70501,70600,7245
70601,70700,7265
70701,70800,7285
70801,70900,7305
70901,71000,7325
71001,71100,7345
71101,71200,7365
71201,71300,7385
71301,71400,7405
71401,71500,7425
71501,71600,7445
71601,71700,7465
71701,71800,7485
71801,71900,7505
71901,72000,7525
72001,72100,7545
72101,72200,7565
72201,72300,7585
72301,72400,7605
72401,72500,7625
72501,72600,7645
72601,72700,7665
72701,72800,7685
72801,72900,7705
72901,73000,7725
73001,73100,7745
73101,73200,7765
73201,73300,7785
73301,73400,7805
73401,73500,7825
73501,73600,7845
73601,73700,7865
73701,73800,7885
73801,73900,7905
73901,74000,7925
74001,74100,7945
74101,74200,7965
74201,74300,7985
74301,74400,8005
74401,74500,8025
74501,74600,8045
74601,74700,8065
74701,74800,8085
74801,74900,8105
74901,75000,8125
75001,75100,8145
75101,75200,8165
75201,75300,8185
75301,75400,8205
75401,75500,8225
75501,75600,8245
75601,75700,8265
75701,75800,8285
75801,75900,8305
75901,76000,8325
76001,76100,8345
76101,76200,8365
76201,76300,8385
76301,76400,8405
76401,76500,8425
76501,76600,8445
76601,76700,8465
76701,76800,8485
76801,76900,8505
76901,77000,8525
77001,77100,8545
77101,77200,8565
77201,77300,8585
77301,77400,8605
77401,77500,8625
77501,77600,8645
77601,77700,8665
77701,77800,8685
77801,77900,8705
83201,83300,9785
83301,83400,9808
83401,83500,9833
83501,83600,9858
83601,83700,9883
83701,83800,9908
83801,83900,9933
83901,84000,9958
84001,84100,9983
84101,84200,10008
84201,84300,10033
84301,84400,10058
84401,84500,10083
84501,84600,10108
84601,84700,10133
84701,84800,10158
84801,84900,10183
84901,85000,10208
85001,85100,10233
85101,85200,10258
85201,85300,10283
85301,85400,10308
85401,85500,10333
85501,85600,10358
85601,85700,10383
85701,85800,10408
85801,85900,10433
85901,86000,10458
86001,86100,10483
86101,86200,10508
86201,86300,10533
86301,86400,10558
86401,86500,10583
86501,86600,10608
86601,86700,10633
86701,86800,10658
86801,86900,10683
86901,87000,10708
87001,87100,10733
87101,87200,10758
87201,87300,10783
87301,87400,10808
87401,87500,10833
87501,87600,10858
87601,87700,10883
87701,87800,10908
87801,87900,10933
87901,88000,10958
88001,88100,10983
88101,88200,11008
88201,88300,11033
88301,88400,11058
88401,88500,11083
88501,88600,11108
88601,88700,11133
88701,88800,11158
88801,88900,11183
88901,89000,11208
89001,89100,11233
89101,89200,11258
89201,89300,11283
89301,89400,11308
89401,89500,11333
89501,89600,11358
89601,89700,11383
89701,89800,11408
89801,89900,11433
89901,90000,11458
90001,90100,11483
90101,90200,11508
90201,90300,11533
90301,90400,11558
90401,90500,11583
90501,90600,11608
90601,90700,11633
90701,90800,11658
90801,90900,11683
90901,91000,11708
91001,91100,11733
91101,91200,11758
91201,91300,11783
91301,91400,11808
91401,91500,11833
91501,91600,11858
91601,91700,11883
91701,91800,11908
91801,91900,11933
91901,92000,11958
92001,92100,11983
92101,92200,12008
92201,92300,12033
92301,92400,12058
92401,92500,12083
92501,92600,12108
92601,92700,12133
92701,92800,12158
92801,92900,12183
92901,93000,12208
93001,93100,12233
93101,93200,12258
93201,93300,12283
93301,93400,12308
93401,93500,12333
93501,93600,12358
93601,93700,12383
93701,93800,12408
93801,93900,12433
93901,94000,12458
94001,94100,12483
94101,94200,12508
94201,94300,12533
94301,94400,12558
94401,94500,12583
94501,94600,12608
94601,94700,12633
94701,94800,12658
94801,94900,12683
94901,95000,12708
95001,95100,12733
95101,95200,12758
95201,95300,12783
95301,95400,12808
95401,95500,12833
95501,95600,12858
95601,95700,12883
95701,95800,12908
95801,95900,12933
95901,96000,12958
96001,96100,12983
96101,96200,13008
96201,96300,13033
96301,96400,13058
96401,96500,13083
96501,96600,13108
96601,96700,13133
96701,96800,13158
96801,96900,13183
96901,97000,13208
97001,97100,13233
97101,97200,13258
97201,97300,13283
97301,97400,13308
97401,97500,13333
97501,97600,13358
97601,97700,13383
97701,97800,13408
97801,97900,13433
97901,98000,13458
98001,98100,13483
98101,98200,13508
98201,98300,13533
98301,98400,13558
98401,98500,13583
98501,98600,13608
98601,98700,13633
98701,98800,13658
98801,98900,13683
98901,99000,13708
99001,99100,13733
99101,99200,13758
99201,99300,13783
99301,99400,13808
99401,99500,13833
99501,99600,13858
99601,99700,13883
99701,99800,13908
99801,99900,13933
99901,100000,13958
100001,100100,13983
100101,100200,14008
100201,100300,14033
100301,100400,14058
100401,100500,14083
100501,100600,14108
100601,100700,14133
100701,100800,14158
100801,100900,14183
100901,101000,14208
101001,101100,14233
101101,101200,14258
101201,101300,14283
101301,101400,14308
101401,101500,14333
101501,101600,14358
101601,101700,14383
101701,101800,14408
101801,101900,14433
101901,102000,14458
102001,102100,14483
102101,102200,14508
102201,102300,14533
102301,102400,14558
102401,102500,14583
102501,102600,14608
102601,102700,14633
102701,102800,14658
102801,102900,14683
102901,103000,14708
103001,103100,14733
103101,103200,14758
103201,103300,14783
103301,103400,14808
103401,103500,14833
103501,103600,14858
103601,103700,14883
103701,103800,14908
103801,103900,14933
103901,104000,14958
104001,104100,14983
104101,104200,15008
104201,104300,15033
104301,104400,15058
104401,104500,15083
104501,104600,15108
104601,104700,15133
104701,104800,15158
104801,104900,15183
104901,105000,15208
105001,105100,15233
105101,105200,15258
105201,105300,15283
105301,105400,15308
105401,105500,15333
105501,105600,15358
105601,105700,15383
105701,105800,15408
105801,105900,15433
105901,106000,15458
106001,106100,15483
106101,106200,15508
106201,106300,15533
106301,106400,15558
106401,106500,15583
106501,106600,15608
106601,106700,15633
106701,106800,15658
106801,106900,15683
106901,107000,15708
107001,107100,15733
107101,107200,15758
107201,107300,15783
107301,107400,15808
107401,107500,15833
107501,107600,15858
107601,107700,15883
107701,107800,15908
107801,107900,15933
107901,108000,15958
108001,108100,15983
108101,108200,16008
108201,108300,16033
108301,108400,16058
108401,108500,16083
108501,108600,16108
108601,108700,16133
108701,108800,16158
108801,108900,16183
108901,109000,16208
109001,109100,16233
109101,109200,16258
109201,109300,16283
109301,109400,16308
109401,109500,16333
109501,109600,16358
109601,109700,16383
109701,109800,16408
109801,109900,16433
109901,110000,16458
110001,110100,16483
110101,110200,16508
110201,110300,16533
110301,110400,16558
110401,110500,16583
110501,110600,16608
110601,110700,16633
110701,110800,16658
110801,110900,16683
110901,111000,16708
111001,111100,16733
111101,111200,16758
111201,111300,16783
111301,111400,16808
111401,111500,16833
111501,111600,16858
111601,111700,16883
111701,111800,16908
111801,111900,16933
111901,112000,16958
112001,112100,16983
112101,112200,17008
112201,112300,17033
112301,112400,17058
112401,112500,17083
112501,112600,17108
112601,112700,17133
112701,112800,17158
112801,112900,17183
112901,113000,17208
113001,113100,17233
113101,113200,17258
113201,113300,17283
113301,113400,17308
113401,113500,17333
113501,113600,17358
113601,113700,17383
113701,113800,17408
113801,113900,17433
113901,114000,17458
114001,114100,17483
114101,114200,17508
114201,114300,17533
114301,114400,17558
114401,114500,17583
114501,114600,17608
114601,114700,17633
114701,114800,17658
114801,114900,17683
114901,115000,17708
115001,115100,17733
115101,115200,17758
115201,115300,17783
115301,115400,17808
115401,115500,17833
115501,115600,17858
115601,115700,17883
115701,115800,17908
115801,115900,17933
115901,116000,17958
116001,116100,17983
116101,116200,18008
116201,116300,18033
116301,116400,18058
116401,116500,18083
116501,116600,18108
116601,116700,18133
116701,116800,18158
116801,116900,18183
116901,117000,18208
117001,117100,18233
117101,117200,18258
117201,117300,18283
117301,117400,18308
117401,117500,18333
117501,117600,18358
117601,117700,18383
117701,117800,18408
117801,117900,18433
117901,118000,18458
118001,118100,18483
118101,118200,18508
118201,118300,18533
118301,118400,18558
118401,118500,18583
118501,118600,18608
118601,118700,18633
118701,118800,18658
118801,118900,18683
118901,119000,18708
119001,119100,18733
119101,119200,18758
119201,119300,18783
119301,119400,18808
119401,119500,18833
119501,119600,18858
119601,119700,18883
119701,119800,18908
119801,119900,18933
119901,120000,18958
120001,120100,18983
120101,120200,19008
120201,120300,19033
120301,120400,19058
120401,120500,19083
120501,120600,19108
120601,120700,19133
120701,120800,19158
120801,120900,19183
120901,121000,19208
121001,121100,19233
121101,121200,19258
121201,121300,19283
121301,121400,19308
121401,121500,19333
121501,121600,19358
121601,121700,19383
121701,121800,19408
121801,121900,19433
121901,122000,19458
122001,122100,19483
122101,122200,19508
122201,122300,19533
122301,122400,19558
122401,122500,19583
122501,122600,19608
122601,122700,19633
122701,122800,19658
122801,122900,19683
122901,123000,19708
123001,123100,19733
123101,123200,19758
123201,123300,19783
123301,123400,19808
123401,123500,19833
123501,123600,19858
123601,123700,19883
123701,123800,19908
123801,123900,19933
123901,124000,19958
124001,124100,19983
124101,124200,20008
124201,124300,20033
124301,124400,20058
124401,124500,20083
124501,124600,20108
124601,124700,20133
124701,124800,20158
124801,124900,20183
124901,125000,20208
125001,125100,20238
125101,125200,20268
125201,125300,20298
125301,125400,20328
125401,125500,20358
125501,125600,20388
125601,125700,20418
125701,125800,20448
125801,125900,20478
125901,126000,20508
126001,126100,20538
126101,126200,20568
126201,126300,20598
126301,126400,20628
126401,126500,20658
126501,126600,20688
126601,126700,20718
126701,126800,20748
126801,126900,20778
126901,127000,20808
127001,127100,20838
127101,127200,20868
127201,127300,20898
127301,127400,20928
127401,127500,20958
127501,127600,20988
127601,127700,21018
127701,127800,21048
127801,127900,21078
127901,128000,21108
128001,128100,21138
128101,128200,21168
128201,128300,21198
128301,128400,21228
128401,128500,21258
128501,128600,21288
128601,128700,21318
128701,128800,21348
128801,128900,21378
128901,129000,21408
129001,129100,21438
129101,129200,21468
129201,129300,21498
129301,129400,21528
129401,129500,21558
129501,129600,21588
129601,129700,21618
129701,129800,21648
129801,129900,21678
129901,130000,21708
130001,130100,21738
130101,130200,21768
130201,130300,21798
130301,130400,21828
130401,130500,21858
130501,130600,21888
130601,130700,21918
130701,130800,21948
130801,130900,21978
130901,131000,22008
131001,131100,22038
131101,131200,22068
131201,131300,22098
131301,131400,22128
131401,131500,22158
131501,131600,22188
131601,131700,22218
131701,131800,22248
131801,131900,22278
131901,132000,22308
132001,132100,22338
132101,132200,22368
132201,132300,22398
132301,132400,22428
132401,132500,22458
132501,132600,22488
132601,132700,22518
132701,132800,22548
132801,132900,22578
132901,133000,22608
133001,133100,22638
133101,133200,22668
133201,133300,22698
133301,133400,22728
133401,133500,22758
133501,133600,22788
133601,133700,22818
133701,133800,22848
133801,133900,22878
133901,134000,22908
134001,134100,22938
134101,134200,22968
134201,134300,22998
134301,134400,23028
134401,134500,23058
134501,134600,23088
134601,134700,23118
134701,134800,23148
134801,134900,23178
134901,135000,23208
135001,135100,23238
135101,135200,23268
135201,135300,23298
135301,135400,23328
135401,135500,23358
135501,135600,23388
135601,135700,23418
135701,135800,23448
135801,135900,23478
135901,136000,23508
136001,136100,23538
136101,136200,23568
136201,136300,23598
136301,136400,23628
136401,136500,23658
136501,136600,23688
136601,136700,23718
136701,136800,23748
136801,136900,23778
136901,137000,23808
137001,137100,23838
137101,137200,23868
137201,137300,23898
137301,137400,23928
137401,137500,23958
137501,137600,23988
137601,137700,24018
137701,137800,24048
137801,137900,24078
137901,138000,24108
138001,138100,24138
138101,138200,24168
138201,138300,24198
138301,138400,24228
138401,138500,24258
138501,138600,24288
138601,138700,24318
138701,138800,24348
138801,138900,24378
138901,139000,24408
139001,139100,24438
139101,139200,24468
139201,139300,24498
139301,139400,24528
139401,139500,24558
139501,139600,24588
139601,139700,24618
139701,139800,24648
139801,139900,24678
139901,140000,24708
140001,140100,24738
140101,140200,24768
140201,140300,24798
140301,140400,24828
140401,140500,24858
140501,140600,24888
140601,140700,24918
140701,140800,24948
140801,140900,24978
140901,141000,25008
141001,141100,25038
141101,141200,25068
141201,141300,25098
141301,141400,25128
141401,141500,25158
141501,141600,25188
141601,141700,25218
141701,141800,25248
141801,141900,25278
141901,142000,25308
142001,142100,25338
142101,142200,25368
142201,142300,25398
142301,142400,25428
142401,142500,25458
142501,142600,25488
142601,142700,25518
142701,142800,25548
142801,142900,25578
142901,143000,25608
143001,143100,25638
143101,143200,25668
143201,143300,25698
143301,143400,25728
143401,143500,25758
143501,143600,25788
143601,143700,25818
143701,143800,25848
143801,143900,25878
143901,144000,25908
144001,144100,25938
144101,144200,25968
144201,144300,25998
144301,144400,26028
144401,144500,26058
144501,144600,26088
144601,144700,26118
144701,144800,26148
144801,144900,26178
144901,145000,26208
145001,145100,26238
145101,145200,26268
145201,145300,26298
145301,145400,26328
145401,145500,26358
145501,145600,26388
145601,145700,26418
145701,145800,26448
145801,145900,26478
145901,146000,26508
146001,146100,26538
146101,146200,26568
146201,146300,26598
146301,146400,26628
146401,146500,26658
146501,146600,26688
146601,146700,26718
146701,146800,26748
146801,146900,26778
146901,147000,26808
147001,147100,26838
147101,147200,26868
147201,147300,26898
147301,147400,26928
147401,147500,26958
147501,147600,26988
147601,147700,27018
147701,147800,27048
147801,147900,27078
147901,148000,27108
148001,148100,27138
148101,148200,27168
148201,148300,27198
148301,148400,27228
148401,148500,27258
148501,148600,27288
148601,148700,27318
148701,148800,27348
148801,148900,27378
148901,149000,27408
149001,149100,27438
149101,149200,27468
149201,149300,27498
149301,149400,27528
149401,149500,27558
149501,149600,27588
149601,149700,27618
149701,149800,27648
149801,149900,27678
149901,150000,27708
150001,150100,27738
150101,150200,27768
150201,150300,27798
150301,150400,27828
150401,150500,27858
150501,150600,27888
150601,150700,27918
150701,150800,27948
150801,150900,27978
150901,151000,28008
151001,151100,28038
151101,151200,28068
151201,151300,28098
151301,151400,28128
151401,151500,28158
151501,151600,28188
151601,151700,28218
151701,151800,28248
151801,151900,28278
151901,152000,28308
152001,152100,28338
152101,152200,28368
152201,152300,28398
152301,152400,28428
152401,152500,28458
152501,152600,28488
152601,152700,28518
152701,152800,28548
152801,152900,28578
152901,153000,28608
153001,153100,28638
153101,153200,28668
153201,153300,28698
153301,153400,28728
153401,153500,28758
153501,153600,28788
153601,153700,28818
153701,153800,28848
153801,153900,28878
153901,154000,28908
154001,154100,28938
154101,154200,28968
154201,154300,28998
154301,154400,29028
154401,154500,29058
154501,154600,29088
154601,154700,29118
154701,154800,29148
154801,154900,29178
154901,155000,29208
155001,155100,29238
155101,155200,29268
155201,155300,29298
155301,155400,29328
155401,155500,29358
155501,155600,29388
155601,155700,29418
155701,155800,29448
155801,155900,29478
155901,156000,29508
156001,156100,29538
156101,156200,29568
156201,156300,29598
156301,156400,29628
156401,156500,29658
156501,156600,29688
156601,156700,29718
156701,156800,29748
156801,156900,29778
156901,157000,29808
157001,157100,29838
157101,157200,29868
157201,157300,29898
157301,157400,29928
157401,157500,29958
157501,157600,29988
157601,157700,30018
157701,157800,30048
157801,157900,30078
157901,158000,30108
158001,158100,30138
158101,158200,30168
158201,158300,30198
158301,158400,30228
158401,158500,30258
158501,158600,30288
158601,158700,30318
158701,158800,30348
158801,158900,30378
158901,159000,30408
159001,159100,30438
159101,159200,30468
159201,159300,30498
159301,159400,30528
159401,159500,30558
159501,159600,30588
159601,159700,30618
159701,159800,30648
159801,159900,30678
159901,160000,30708
160001,160100,30738
160101,160200,30768
160201,160300,30798
160301,160400,30828
160401,160500,30858
160501,160600,30888
160601,160700,30918
160701,160800,30948
160801,160900,30978
160901,161000,31008
161001,161100,31038
161101,161200,31068
161201,161300,31098
161301,161400,31128
161401,161500,31158
161501,161600,31188
161601,161700,31218
161701,161800,31248
161801,161900,31278
161901,162000,31308
162001,162100,31338
162101,162200,31368
162201,162300,31398
162301,162400,31428
162401,162500,31458
162501,162600,31488
162601,162700,31518
162701,162800,31548
162801,162900,31578
162901,163000,31608
163001,163100,31638
163101,163200,31668
163201,163300,31698
163301,163400,31728
163401,163500,31758
163501,163600,31788
163601,163700,31818
163701,163800,31848
163801,163900,31878
163901,164000,31908
164001,164100,31938
164101,164200,31968
164201,164300,31998
164301,164400,32028
164401,164500,32058
164501,164600,32088
164601,164700,32118
164701,164800,32148
164801,164900,32178
164901,165000,32208
165001,165100,32238
165101,165200,32268
165201,165300,32298
165301,165400,32328
165401,165500,32358
165501,165600,32388
165601,165700,32418
165701,165800,32448
165801,165900,32478
165901,166000,32508
166001,166100,32538
166101,166200,32568
166201,166300,32598
166301,166400,32628
166401,166500,32658
166501,166600,32688
166601,166700,32718
166701,166800,32748
166801,166900,32778
166901,167000,32808
167001,167100,32838
167101,167200,32868
167201,167300,32898
167301,167400,32928
